iterations,threads,time_in_ns,matrix_size,gmacs
0,c3,57000,24,0.24252631578947367
1,c3,13000,24,1.0633846153846154
2,c3,4000,24,3.456
3,c3,2000,24,6.912
4,c3,4000,24,3.456
5,c3,4000,24,3.456
6,c3,3000,24,4.608
7,c3,2000,24,6.912
8,c3,5000,24,2.7648
9,c3,3000,24,4.608
10,c3,3000,24,4.608
11,c3,3000,24,4.608
12,c3,3000,24,4.608
13,c3,2000,24,6.912
14,c3,2000,24,6.912
15,c3,3000,24,4.608
16,c3,3000,24,4.608
17,c3,3000,24,4.608
18,c3,3000,24,4.608
19,c3,2000,24,6.912
20,c3,3000,24,4.608
21,c3,2000,24,6.912
22,c3,3000,24,4.608
23,c3,2000,24,6.912
24,c3,3000,24,4.608
0,c3,7000,48,15.798857142857143
1,c3,8000,48,13.824
2,c3,7000,48,15.798857142857143
3,c3,4000,48,27.648
4,c3,5000,48,22.1184
5,c3,5000,48,22.1184
6,c3,5000,48,22.1184
7,c3,7000,48,15.798857142857143
8,c3,4000,48,27.648
9,c3,4000,48,27.648
10,c3,5000,48,22.1184
11,c3,6000,48,18.432
12,c3,7000,48,15.798857142857143
13,c3,5000,48,22.1184
14,c3,4000,48,27.648
15,c3,5000,48,22.1184
16,c3,4000,48,27.648
17,c3,4000,48,27.648
18,c3,5000,48,22.1184
19,c3,11000,48,10.053818181818182
20,c3,6000,48,18.432
21,c3,6000,48,18.432
22,c3,5000,48,22.1184
23,c3,5000,48,22.1184
24,c3,5000,48,22.1184
0,c3,14000,72,26.66057142857143
1,c3,14000,72,26.66057142857143
2,c3,10000,72,37.3248
3,c3,11000,72,33.931636363636365
4,c3,10000,72,37.3248
5,c3,10000,72,37.3248
6,c3,10000,72,37.3248
7,c3,10000,72,37.3248
8,c3,10000,72,37.3248
9,c3,11000,72,33.931636363636365
10,c3,11000,72,33.931636363636365
11,c3,11000,72,33.931636363636365
12,c3,22000,72,16.965818181818182
13,c3,13000,72,28.711384615384617
14,c3,13000,72,28.711384615384617
15,c3,12000,72,31.104
16,c3,14000,72,26.66057142857143
17,c3,14000,72,26.66057142857143
18,c3,11000,72,33.931636363636365
19,c3,11000,72,33.931636363636365
20,c3,10000,72,37.3248
21,c3,10000,72,37.3248
22,c3,11000,72,33.931636363636365
23,c3,10000,72,37.3248
24,c3,11000,72,33.931636363636365
0,c3,30000,96,29.4912
1,c3,30000,96,29.4912
2,c3,22000,96,40.215272727272726
3,c3,22000,96,40.215272727272726
4,c3,21000,96,42.13028571428571
5,c3,22000,96,40.215272727272726
6,c3,22000,96,40.215272727272726
7,c3,21000,96,42.13028571428571
8,c3,21000,96,42.13028571428571
9,c3,21000,96,42.13028571428571
10,c3,21000,96,42.13028571428571
11,c3,22000,96,40.215272727272726
12,c3,21000,96,42.13028571428571
13,c3,22000,96,40.215272727272726
14,c3,22000,96,40.215272727272726
15,c3,22000,96,40.215272727272726
16,c3,21000,96,42.13028571428571
17,c3,22000,96,40.215272727272726
18,c3,21000,96,42.13028571428571
19,c3,22000,96,40.215272727272726
20,c3,21000,96,42.13028571428571
21,c3,21000,96,42.13028571428571
22,c3,22000,96,40.215272727272726
23,c3,22000,96,40.215272727272726
24,c3,22000,96,40.215272727272726
0,c3,59000,120,29.28813559322034
1,c3,53000,120,32.60377358490566
2,c3,41000,120,42.146341463414636
3,c3,44000,120,39.27272727272727
4,c3,44000,120,39.27272727272727
5,c3,39000,120,44.30769230769231
6,c3,40000,120,43.2
7,c3,40000,120,43.2
8,c3,40000,120,43.2
9,c3,41000,120,42.146341463414636
10,c3,53000,120,32.60377358490566
11,c3,40000,120,43.2
12,c3,41000,120,42.146341463414636
13,c3,40000,120,43.2
14,c3,59000,120,29.28813559322034
15,c3,69000,120,25.043478260869566
16,c3,58000,120,29.79310344827586
17,c3,41000,120,42.146341463414636
18,c3,40000,120,43.2
19,c3,40000,120,43.2
20,c3,57000,120,30.31578947368421
21,c3,39000,120,44.30769230769231
22,c3,60000,120,28.8
23,c3,69000,120,25.043478260869566
24,c3,68000,120,25.41176470588235
0,c3,119000,144,25.092302521008403
1,c3,129000,144,23.147162790697674
2,c3,125000,144,23.887872
3,c3,131000,144,22.79377099236641
4,c3,122000,144,24.47527868852459
5,c3,109000,144,27.39434862385321
6,c3,102000,144,29.27435294117647
7,c3,145000,144,20.592993103448276
8,c3,115000,144,25.965078260869564
9,c3,101000,144,29.56419801980198
10,c3,104000,144,28.711384615384617
11,c3,83000,144,35.97571084337349
12,c3,102000,144,29.27435294117647
13,c3,104000,144,28.711384615384617
14,c3,84000,144,35.54742857142857
15,c3,66000,144,45.24218181818182
16,c3,67000,144,44.56692537313433
17,c3,68000,144,43.911529411764704
18,c3,67000,144,44.56692537313433
19,c3,68000,144,43.911529411764704
20,c3,69000,144,43.27513043478261
21,c3,87000,144,34.32165517241379
22,c3,92000,144,32.456347826086954
23,c3,91000,144,32.81301098901099
24,c3,106000,144,28.16966037735849
0,c3,124000,168,38.23896774193548
1,c3,123000,168,38.549853658536584
2,c3,138000,168,34.35965217391304
3,c3,131000,168,36.1956641221374
4,c3,112000,168,42.336
5,c3,151000,168,31.40153642384106
6,c3,135000,168,35.1232
7,c3,132000,168,35.921454545454544
8,c3,146000,168,32.47693150684932
9,c3,115000,168,41.23158260869565
10,c3,125000,168,37.933056
11,c3,150000,168,31.61088
12,c3,136000,168,34.86494117647059
13,c3,126000,168,37.632
14,c3,144000,168,32.928
15,c3,102000,168,46.486588235294114
16,c3,372000,168,12.746322580645161
17,c3,111000,168,42.71740540540541
18,c3,583000,168,8.133159519725558
19,c3,111000,168,42.71740540540541
20,c3,283000,168,16.754883392226148
21,c3,363000,168,13.062347107438017
22,c3,111000,168,42.71740540540541
23,c3,405000,168,11.707733333333334
24,c3,142000,168,33.391774647887324
0,c3,322000,192,21.981018633540373
1,c3,177000,192,39.98806779661017
2,c3,209000,192,33.86549282296651
3,c3,176000,192,40.215272727272726
4,c3,160000,192,44.2368
5,c3,162000,192,43.690666666666665
6,c3,171000,192,41.39115789473684
7,c3,157000,192,45.08208917197452
8,c3,152000,192,46.56505263157895
9,c3,174000,192,40.67751724137931
10,c3,175000,192,40.445074285714284
11,c3,176000,192,40.215272727272726
12,c3,141000,192,50.19778723404255
13,c3,147000,192,48.14889795918367
14,c3,151000,192,46.873430463576156
15,c3,162000,192,43.690666666666665
16,c3,165000,192,42.89629090909091
17,c3,138000,192,51.28904347826087
18,c3,189000,192,37.44914285714286
19,c3,154000,192,45.96031168831169
20,c3,159000,192,44.51501886792453
21,c3,167000,192,42.3825628742515
22,c3,179000,192,39.54127374301676
23,c3,180000,192,39.3216
24,c3,201000,192,35.21337313432836
0,c3,280000,216,35.991771428571425
1,c3,238000,216,42.34326050420168
2,c3,250000,216,40.310784
3,c3,267000,216,37.7441797752809
4,c3,254000,216,39.67596850393701
5,c3,242000,216,41.643371900826445
6,c3,354000,216,28.46806779661017
7,c3,270000,216,37.3248
8,c3,252000,216,39.990857142857145
9,c3,343000,216,29.381037900874635
10,c3,231000,216,43.62638961038961
11,c3,255000,216,39.52037647058823
12,c3,254000,216,39.67596850393701
13,c3,240000,216,41.9904
14,c3,261000,216,38.611862068965515
15,c3,241000,216,41.816165975103736
16,c3,251000,216,40.150183266932274
17,c3,339000,216,29.727716814159294
18,c3,338000,216,29.815668639053253
19,c3,225000,216,44.78976
20,c3,211000,216,47.761592417061614
21,c3,246000,216,40.966243902439025
22,c3,239000,216,42.16609205020921
23,c3,273000,216,36.914637362637365
24,c3,241000,216,41.816165975103736
0,c3,376000,240,36.765957446808514
1,c3,328000,240,42.146341463414636
2,c3,484000,240,28.56198347107438
3,c3,331000,240,41.764350453172206
4,c3,314000,240,44.02547770700637
5,c3,437000,240,31.633867276887873
6,c3,323000,240,42.79876160990712
7,c3,310000,240,44.593548387096774
8,c3,308000,240,44.883116883116884
9,c3,295000,240,46.86101694915254
10,c3,340000,240,40.65882352941176
11,c3,322000,240,42.93167701863354
12,c3,301000,240,45.926910299003325
13,c3,304000,240,45.473684210526315
14,c3,319000,240,43.33542319749216
15,c3,336000,240,41.142857142857146
16,c3,404000,240,34.21782178217822
17,c3,386000,240,35.81347150259067
18,c3,377000,240,36.6684350132626
19,c3,327000,240,42.27522935779817
20,c3,322000,240,42.93167701863354
21,c3,303000,240,45.62376237623762
22,c3,310000,240,44.593548387096774
23,c3,304000,240,45.473684210526315
24,c3,301000,240,45.926910299003325
0,c3,429000,264,42.88984615384615
1,c3,502000,264,36.65287649402391
2,c3,390000,264,47.17883076923077
3,c3,502000,264,36.65287649402391
4,c3,381000,264,48.29329133858268
5,c3,409000,264,44.98714914425428
6,c3,377000,264,48.80568700265252
7,c3,439000,264,41.91285649202734
8,c3,511000,264,36.007326810176124
9,c3,380000,264,48.42037894736842
10,c3,386000,264,47.66773056994818
11,c3,376000,264,48.935489361702125
12,c3,391000,264,47.05816879795396
13,c3,406000,264,45.319566502463054
14,c3,784000,264,23.469061224489796
15,c3,402000,264,45.77050746268657
16,c3,428000,264,42.99005607476636
17,c3,378000,264,48.67657142857143
18,c3,364000,264,50.548747252747255
19,c3,497000,264,37.02161770623742
20,c3,875000,264,21.02827885714286
21,c3,470000,264,39.1483914893617
22,c3,376000,264,48.935489361702125
23,c3,532000,264,34.585984962406016
24,c3,401000,264,45.88464837905237
0,c3,530000,288,45.07145660377358
1,c3,649000,288,36.80719876733436
2,c3,478000,288,49.97462761506276
3,c3,539000,288,44.3188719851577
4,c3,497000,288,48.06412877263581
5,c3,500000,288,47.775744
6,c3,490000,288,48.750759183673466
7,c3,530000,288,45.07145660377358
8,c3,488000,288,48.95055737704918
9,c3,517000,288,46.204781431334624
10,c3,565000,288,42.27941946902655
11,c3,488000,288,48.95055737704918
12,c3,491000,288,48.651470468431775
13,c3,491000,288,48.651470468431775
14,c3,462000,288,51.70535064935065
15,c3,561000,288,42.580877005347595
16,c3,575000,288,41.544125217391304
17,c3,562000,288,42.5051103202847
18,c3,460000,288,51.93015652173913
19,c3,453000,288,52.73260927152318
20,c3,563000,288,42.429612788632326
21,c3,440000,288,54.29061818181818
22,c3,5186000,288,4.60622290782877
23,c3,1080000,288,22.1184
24,c3,535000,288,44.65022803738318
0,c3,658000,312,46.15703343465046
1,c3,674000,312,45.061317507418394
2,c3,691000,312,43.952717800289435
3,c3,1065000,312,28.517678873239436
4,c3,837000,312,36.285935483870965
5,c3,1837000,312,16.533112683723463
6,c3,1542000,312,19.696062256809338
7,c3,628000,312,48.361987261146496
8,c3,719000,312,42.241068150208626
9,c3,883000,312,34.39561494903737
10,c3,633000,312,47.97998104265403
11,c3,847000,312,35.85753010625738
12,c3,616000,312,49.304103896103896
13,c3,663000,312,45.80894117647059
14,c3,641000,312,47.38116692667707
15,c3,633000,312,47.97998104265403
16,c3,644000,312,47.160447204968946
17,c3,2084000,312,14.573573896353167
18,c3,1225000,312,24.792920816326532
19,c3,1551000,312,19.581771760154737
20,c3,2005000,312,15.147794513715711
21,c3,872000,312,34.82950458715597
22,c3,765000,312,39.70108235294118
23,c3,625000,312,48.5941248
24,c3,678000,312,44.79546902654867
0,c3,1627000,336,23.314724031960665
1,c3,875000,336,43.352064
2,c3,757000,336,50.10971730515192
3,c3,780000,336,48.63212307692308
4,c3,768000,336,49.392
5,c3,758000,336,50.04360949868074
6,c3,750000,336,50.577408
7,c3,739000,336,51.33025169147496
8,c3,1110000,336,34.173924324324325
9,c3,882000,336,43.008
10,c3,726000,336,52.24938842975207
11,c3,734000,336,51.67991280653951
12,c3,735000,336,51.6096
13,c3,737000,336,51.46954681139756
14,c3,742000,336,51.12271698113207
15,c3,1579000,336,24.023468017732743
16,c3,1117000,336,33.959763652641
17,c3,820000,336,46.2598243902439
18,c3,901000,336,42.10106104328524
19,c3,765000,336,49.58569411764706
20,c3,772000,336,49.1360829015544
21,c3,774000,336,49.009116279069765
22,c3,724000,336,52.39372375690608
23,c3,740000,336,51.260886486486484
24,c3,850000,336,44.62712470588235
0,c3,4109000,360,11.354587490873692
1,c3,3845000,360,12.134200260078023
2,c3,1413000,360,33.01910828025478
3,c3,962000,360,48.4989604989605
4,c3,986000,360,47.3184584178499
5,c3,1042000,360,44.77543186180422
6,c3,1101000,360,42.37602179836512
7,c3,1449000,360,32.19875776397515
8,c3,1060000,360,44.01509433962264
9,c3,896000,360,52.07142857142857
10,c3,1988000,360,23.46881287726358
11,c3,876000,360,53.26027397260274
12,c3,938000,360,49.73987206823028
13,c3,924000,360,50.493506493506494
14,c3,897000,360,52.013377926421406
15,c3,946000,360,49.31923890063425
16,c3,886000,360,52.659142212189614
17,c3,1009000,360,46.239841427155596
18,c3,866000,360,53.87528868360277
19,c3,869000,360,53.68929804372842
20,c3,859000,360,54.31431897555297
21,c3,868000,360,53.75115207373272
22,c3,911000,360,51.21405049396268
23,c3,860000,360,54.25116279069768
24,c3,866000,360,53.87528868360277
0,c3,1190000,384,47.582440336134454
1,c3,1082000,384,52.33188909426987
2,c3,1089000,384,51.9955041322314
3,c3,1034000,384,54.76122243713733
4,c3,1273000,384,44.480050274941085
5,c3,1192000,384,47.50260402684564
6,c3,1040000,384,54.445292307692306
7,c3,1035000,384,54.70831304347826
8,c3,1077000,384,52.57484122562674
9,c3,1035000,384,54.70831304347826
10,c3,1047000,384,54.081283667621776
11,c3,1211000,384,46.75731131296449
12,c3,1084000,384,52.23533579335793
13,c3,1074000,384,52.72169832402235
14,c3,1408000,384,40.215272727272726
15,c3,1450000,384,39.05041655172414
16,c3,1173000,384,48.272040920716115
17,c3,1043000,384,54.28869031639501
18,c3,2063000,384,27.446972370334464
19,c3,1266000,384,44.72599052132701
20,c3,1110000,384,51.011805405405404
21,c3,1757000,384,32.22715082527035
22,c3,3703000,384,15.291143397245477
23,c3,2155000,384,26.275222273781903
24,c3,1128000,384,50.19778723404255
0,c3,1493000,408,45.490496985934364
1,c3,1530000,408,44.3904
2,c3,2161000,408,31.428649699213327
3,c3,1299000,408,52.28430484988453
4,c3,1517000,408,44.77080553724456
5,c3,2625000,408,25.873261714285714
6,c3,2931000,408,23.172061412487206
7,c3,1304000,408,52.0838282208589
8,c3,1274000,408,53.31029199372057
9,c3,1278000,408,53.14343661971831
10,c3,1297000,408,52.36492829606785
11,c3,1745000,408,38.92109570200573
12,c3,1928000,408,35.226821576763484
13,c3,1510000,408,44.9783523178808
14,c3,1273000,408,53.352169677926156
15,c3,1299000,408,52.28430484988453
16,c3,2888000,408,23.51707479224377
17,c3,1647000,408,41.236983606557374
18,c3,3836000,408,17.705242961418143
19,c3,1322000,408,51.3746686838124
20,c3,1280000,408,53.0604
21,c3,1244000,408,54.59590996784566
22,c3,1568000,408,43.31461224489796
23,c3,1322000,408,51.3746686838124
24,c3,1337000,408,50.79828870605834
0,c3,1674000,432,48.161032258064516
1,c3,2315000,432,34.8257313174946
2,c3,1579000,432,51.058624445851805
3,c3,1664000,432,48.45046153846154
4,c3,1609000,432,50.10663020509633
5,c3,1618000,432,49.82791594561186
6,c3,1510000,432,53.39176688741722
7,c3,1595000,432,50.54643761755486
8,c3,1959000,432,41.154450229709035
9,c3,6668000,432,12.090817036592682
10,c3,3209000,432,25.123579931442816
11,c3,1524000,432,52.90129133858268
12,c3,1573000,432,51.253380801017165
13,c3,1500000,432,53.747712
14,c3,1499000,432,53.78356771180787
15,c3,2063000,432,39.079771206980126
16,c3,1592000,432,50.641688442211056
17,c3,1537000,432,52.45385035783995
18,c3,1499000,432,53.78356771180787
19,c3,1730000,432,46.602062427745665
20,c3,1714000,432,47.037087514585764
21,c3,1717000,432,46.95490273733256
22,c3,1498000,432,53.81947129506008
23,c3,1505000,432,53.56914817275747
24,c3,1599000,432,50.41999249530957
0,c3,2353000,456,40.29698937526562
1,c3,3262000,456,29.067693439607602
2,c3,2066000,456,45.894877057115195
3,c3,1902000,456,49.85216403785489
4,c3,2996000,456,31.648469959946596
5,c3,2328000,456,40.72973195876288
6,c3,1812000,456,52.328264900662255
7,c3,1804000,456,52.560319290465635
8,c3,1792000,456,52.912285714285716
9,c3,1779000,456,53.298940978077574
10,c3,1790000,456,52.97140558659218
11,c3,1785000,456,53.11978487394958
12,c3,1773000,456,53.47930964467005
13,c3,1798000,456,52.735715239154615
14,c3,2048000,456,46.29825
15,c3,1760000,456,53.87432727272727
16,c3,1791000,456,52.94182914572864
17,c3,3879000,456,24.444139211136893
18,c3,2110000,456,44.93782748815166
19,c3,2219000,456,42.730426318161335
20,c3,2422000,456,39.14897440132122
21,c3,2221000,456,42.6919477712742
22,c3,2024000,456,46.847241106719366
23,c3,2753000,456,34.44199636759898
24,c3,1900000,456,49.90464
0,c3,2109000,480,52.43812233285917
1,c3,2191000,480,50.47558192606116
2,c3,3744000,480,29.53846153846154
3,c3,2139000,480,51.70266479663394
4,c3,2227000,480,49.65963179164795
5,c3,2137000,480,51.751052877866165
6,c3,5365000,480,20.613606710158436
7,c3,2246000,480,49.23953695458593
8,c3,5236000,480,21.121466768525593
9,c3,2125000,480,52.04329411764706
10,c3,4997000,480,22.131679007404443
11,c3,6479000,480,17.06930081802747
12,c3,6859000,480,16.12363318267969
13,c3,4733000,480,23.36615254595394
14,c3,10478000,480,10.554686008780301
15,c3,2344000,480,47.18088737201365
16,c3,4948000,480,22.350848827809216
17,c3,7114000,480,15.545684565645207
18,c3,2238000,480,49.415549597855225
19,c3,4019000,480,27.51729285892013
20,c3,4815000,480,22.96822429906542
21,c3,3033000,480,36.46290801186944
22,c3,2054000,480,53.84225900681597
23,c3,2113000,480,52.33885470894463
24,c3,2217000,480,49.88362652232747
0,c3,2703000,504,47.36369367369589
1,c3,2636000,504,48.567550834597874
2,c3,2541000,504,50.383338842975206
3,c3,5868000,504,21.817325153374235
4,c3,2627000,504,48.733941377997716
5,c3,3026000,504,42.30801850627891
6,c3,2743000,504,46.67300911410864
7,c3,2482000,504,51.5810088638195
8,c3,2472000,504,51.78966990291262
9,c3,3251000,504,39.379902799138726
10,c3,2627000,504,48.733941377997716
11,c3,4451000,504,28.762988991237926
12,c3,5047000,504,25.366368932038835
13,c3,3340000,504,38.33055808383234
14,c3,3594000,504,35.62160934891486
15,c3,2956000,504,43.309899864682
16,c3,2533000,504,50.54246506119226
17,c3,2454000,504,52.16954523227384
18,c3,2990000,504,42.8174127090301
19,c3,2652000,504,48.274533936651586
20,c3,2790000,504,45.88676129032258
21,c3,6022000,504,21.25939289272667
22,c3,4829000,504,26.511506316007456
23,c3,2825000,504,45.318252743362834
24,c3,2474000,504,51.747802748585286
0,c3,3898000,528,37.76242996408415
1,c3,3042000,528,48.38854437869823
2,c3,3005000,528,48.98434342762063
3,c3,2807000,528,52.439598147488425
4,c3,3581000,528,41.10526445127059
5,c3,7199000,528,20.446999861091818
6,c3,3033000,528,48.53213056379822
7,c3,2841000,528,51.81202111932418
8,c3,2814000,528,52.30915138592751
9,c3,3788000,528,38.85901583949314
10,c3,3087000,528,47.68317201166181
11,c3,3895000,528,37.79151527599487
12,c3,3306000,528,44.52448638838475
13,c3,7726000,528,19.05228475278281
14,c3,3287000,528,44.78185336172802
15,c3,2942000,528,50.03329435757988
16,c3,5093000,528,28.902012958963283
17,c3,11609000,528,12.679640968214317
18,c3,7446000,528,19.76872844480258
19,c3,9147000,528,16.092484093145295
20,c3,3570000,528,41.23191932773109
21,c3,3872000,528,38.016
22,c3,3150000,528,46.729508571428575
23,c3,5167000,528,28.488088252370815
24,c3,9147000,528,16.092484093145295
0,c3,6596000,552,25.499788963007884
1,c3,4045000,552,41.58136168108776
2,c3,3340000,552,50.35826586826347
3,c3,3344000,552,50.29802870813397
4,c3,4950000,552,33.97911272727273
5,c3,4641000,552,36.24145830639948
6,c3,6922000,552,24.298845420398727
7,c3,3656000,552,46.00563676148796
8,c3,4126000,552,40.7650528356762
9,c3,3177000,552,52.94196033994334
10,c3,3199000,552,52.57787058455767
11,c3,4075000,552,41.27524122699386
12,c3,3187000,552,52.77584185754628
13,c3,6515000,552,25.8168239447429
14,c3,4243000,552,39.64096346924346
15,c3,3798000,552,44.28557345971564
16,c3,4014000,552,41.9024932735426
17,c3,3720000,552,45.21414193548387
18,c3,4081000,552,41.21455721636854
19,c3,3340000,552,50.35826586826347
20,c3,3372000,552,49.88037010676157
21,c3,8565000,552,19.63766584938704
22,c3,3342000,552,50.32812926391382
23,c3,3263000,552,51.546615997548265
24,c3,3675000,552,45.76778448979592
0,c3,3681000,576,51.9160488997555
1,c3,4664000,576,40.97405145797599
2,c3,4192000,576,45.58754198473282
3,c3,7000000,576,27.300425142857144
4,c3,3773000,576,50.6501394116088
5,c3,4468000,576,42.77148075201433
6,c3,4198000,576,45.522385898046686
7,c3,4738000,576,40.33410215280709
8,c3,4074000,576,46.9079469808542
9,c3,5288000,576,36.13898940998487
10,c3,4470000,576,42.75234362416107
11,c3,4380000,576,43.63081643835616
12,c3,4110000,576,46.49707445255474
13,c3,4360000,576,43.83095779816514
14,c3,4240000,576,45.07145660377358
15,c3,3896000,576,49.051071868583165
16,c3,3522000,576,54.25978875638842
17,c3,3742000,576,51.06974238375201
18,c3,7789000,576,24.534982154320197
19,c3,3897000,576,49.03848498845266
20,c3,4550000,576,42.000654065934064
21,c3,3652000,576,52.32830668127054
22,c3,3602000,576,53.05468517490283
23,c3,4246000,576,45.00776636834668
24,c3,4675000,576,40.87764192513369
0,c3,5235000,600,41.260744985673355
1,c3,5084000,600,42.48623131392604
2,c3,5239000,600,41.22924222179805
3,c3,4656000,600,46.391752577319586
4,c3,4172000,600,51.77372962607862
5,c3,9090000,600,23.762376237623762
6,c3,4389000,600,49.21394395078605
7,c3,4440000,600,48.648648648648646
8,c3,5411000,600,39.91868416189244
9,c3,4867000,600,44.38052188206287
10,c3,4503000,600,47.96802131912059
11,c3,4931000,600,43.80450212938552
12,c3,5966000,600,36.20516258799866
13,c3,4895000,600,44.12665985699694
14,c3,6263000,600,34.48826441002714
15,c3,4536000,600,47.61904761904762
16,c3,4906000,600,44.027721157766
17,c3,7751000,600,27.86737195200619
18,c3,5918000,600,36.49881716796215
19,c3,5771000,600,37.42852191994455
20,c3,4717000,600,45.79181683273267
21,c3,4943000,600,43.69815901274529
22,c3,4358000,600,49.56402019274897
23,c3,8829000,600,24.464831804281346
24,c3,4505000,600,47.94672586015538
0,c3,4805000,624,50.56620686784599
1,c3,4595000,624,52.8771760609358
2,c3,4554000,624,53.35323320158103
3,c3,6101000,624,39.82472119324701
4,c3,8916000,624,27.25107940780619
5,c3,5067000,624,47.95157371225577
6,c3,5414000,624,44.87820908755079
7,c3,5825000,624,41.71169510729614
8,c3,4655000,624,52.19562277121375
9,c3,14205000,624,17.10458458289335
10,c3,6677000,624,36.389190354949825
11,c3,5052000,624,48.093947743467936
12,c3,5372000,624,45.229081161578556
13,c3,10930000,624,22.229700274473924
14,c3,7138000,624,34.039033903054076
15,c3,6869000,624,35.37205182704906
16,c3,4729000,624,51.37885895538169
17,c3,4829000,624,50.31489418098985
18,c3,9691000,624,25.071780414817873
19,c3,4670000,624,52.02797087794433
20,c3,7258000,624,33.4762502066685
21,c3,4718000,624,51.49864857990674
22,c3,5335000,624,45.54275988753515
23,c3,6409000,624,37.91084787018256
24,c3,6790000,624,35.7835970544919
0,c3,6642000,648,40.966243902439025
1,c3,6755000,648,40.280946262028124
2,c3,8266000,648,32.91771013791435
3,c3,7738000,648,35.163839751873866
4,c3,6648000,648,40.92927075812274
5,c3,6513000,648,41.777643482266235
6,c3,5300000,648,51.33920603773585
7,c3,12085000,648,22.51533239553165
8,c3,5314000,648,51.20395031990967
9,c3,6282000,648,43.31387965616046
10,c3,6204000,648,43.85844487427466
11,c3,5186000,648,52.46775780948708
12,c3,10416000,648,26.1230599078341
13,c3,6184000,648,44.00028978007762
14,c3,6435000,648,42.284039160839164
15,c3,5599000,648,48.59756956599393
16,c3,7216000,648,37.70756541019956
17,c3,7443000,648,36.55754292623942
18,c3,7548000,648,36.0489920508744
19,c3,5916000,648,45.9935415821501
20,c3,5451000,648,49.91704127682994
21,c3,11561000,648,23.535835308364327
22,c3,5480000,648,49.652881751824815
23,c3,6234000,648,43.647384023099136
24,c3,5783000,648,47.051321459450115
0,c3,11701000,672,25.934915648235194
1,c3,7734000,672,39.23770985259891
2,c3,6270000,672,48.399433492822965
3,c3,6871000,672,44.16597991558725
4,c3,11100000,672,27.33913945945946
5,c3,6158000,672,49.27970899642741
6,c3,7949000,672,38.176430746005785
7,c3,6205000,672,48.90643803384368
8,c3,14202000,672,21.367726235741443
9,c3,7385000,672,41.092003791469196
10,c3,6257000,672,48.499991689307976
11,c3,6296000,672,48.19956289707751
12,c3,11026000,672,27.522623616905495
13,c3,6193000,672,49.001202648151136
14,c3,7277000,672,41.70186175621822
15,c3,6050000,672,50.15941289256198
16,c3,7540000,672,40.24727427055703
17,c3,8855000,672,34.270406324110674
18,c3,8335000,672,36.40845206958608
19,c3,7188000,672,42.21820367278798
20,c3,8171000,672,37.13920548280504
21,c3,9503000,672,31.93354182889614
22,c3,6870000,672,44.17240873362445
23,c3,6393000,672,47.468238385734395
24,c3,7240000,672,41.91497900552486
0,c3,8479000,696,39.76336077367614
1,c3,8148000,696,41.37868630338733
2,c3,7918000,696,42.580643596867894
3,c3,11481000,696,29.366216880062712
4,c3,7715000,696,43.70104160725859
5,c3,7966000,696,42.32406929450163
6,c3,6883000,696,48.98351532761877
7,c3,12571000,696,26.81994558905417
8,c3,8140000,696,41.41935331695332
9,c3,6950000,696,48.511300143884895
10,c3,8194000,696,41.14639199414206
11,c3,12788000,696,26.36483703472005
12,c3,12030000,696,28.026062842892767
13,c3,9723000,696,34.67587534711509
14,c3,10990000,696,30.678210737033666
15,c3,10439000,696,32.297493629658014
16,c3,6838000,696,49.30586955250073
17,c3,11706000,696,28.80177139928242
18,c3,6429000,696,52.44260942603827
19,c3,8370000,696,40.2811870967742
20,c3,8618000,696,39.12201624506846
21,c3,10668000,696,31.604193475815524
22,c3,8749000,696,38.53623682706595
23,c3,6832000,696,49.34917096018735
24,c3,8256000,696,40.83739534883721
0,c3,7820000,720,47.72992327365729
1,c3,9125000,720,40.9038904109589
2,c3,8202000,720,45.50694952450622
3,c3,13982000,720,26.69489343441568
4,c3,8027000,720,46.499065653419706
5,c3,7820000,720,47.72992327365729
6,c3,13662000,720,27.320158102766797
7,c3,8095000,720,46.108462013588635
8,c3,7455000,720,50.06680080482897
9,c3,7340000,720,50.851226158038145
10,c3,12313000,720,30.313327377568424
11,c3,10176000,720,36.679245283018865
12,c3,7464000,720,50.0064308681672
13,c3,12977000,720,28.762271711489557
14,c3,8347000,720,44.716425062896846
15,c3,9080000,720,41.10660792951542
16,c3,11512000,720,32.42251563585823
17,c3,8189000,720,45.57919159848577
18,c3,8795000,720,42.43865832859579
19,c3,6983000,720,53.45095231275956
20,c3,7969000,720,46.83749529426528
21,c3,7985000,720,46.74364433312461
22,c3,8132000,720,45.89867191342843
23,c3,7842000,720,47.59602142310635
24,c3,8072000,720,46.239841427155596
0,c3,9307000,744,44.249573869130764
1,c3,8090000,744,50.906153770086526
2,c3,15926000,744,25.85902197664197
3,c3,11299000,744,36.44842764846447
4,c3,8250000,744,49.91888290909091
5,c3,13307000,744,30.948431953107388
6,c3,10895000,744,37.799980174391926
7,c3,7938000,744,51.880925170068025
8,c3,14476000,744,28.44921138436032
9,c3,10299000,744,39.98745353917856
10,c3,8343000,744,49.362433656957926
11,c3,8994000,744,45.789502334889924
12,c3,8419000,744,48.91682907708754
13,c3,7735000,744,53.24250601163542
14,c3,7541000,744,54.61222437342528
15,c3,7982000,744,51.59493660736658
16,c3,9409000,744,43.76987820172175
17,c3,9698000,744,42.46553763662611
18,c3,11273000,744,36.53249214938348
19,c3,10942000,744,37.63761506123195
20,c3,9096000,744,45.276031662269126
21,c3,9139000,744,45.06300295437138
22,c3,13074000,744,31.499983478659935
23,c3,9286000,744,44.34964290329528
24,c3,8197000,744,50.24164743198731
0,c3,13788000,768,32.85355613577023
1,c3,11855000,768,38.21044555040068
2,c3,10943000,768,41.394940327149776
3,c3,14613000,768,30.99875672346541
4,c3,13262000,768,34.15660021112954
5,c3,10614000,768,42.67805087620124
6,c3,10654000,768,42.51781790876666
7,c3,10037000,768,45.131496662349306
8,c3,10564000,768,42.88004846648997
9,c3,13150000,768,34.44751574144487
10,c3,11137000,768,40.67386477507408
11,c3,12606000,768,35.93406568300809
12,c3,11906000,768,38.0467690240215
13,c3,10363000,768,43.71174679146965
14,c3,14045000,768,32.25239102883589
15,c3,10420000,768,43.47263262955854
16,c3,15607000,768,29.02446543217787
17,c3,11944000,768,37.92572270596115
18,c3,12248000,768,36.984391900718485
19,c3,13679000,768,33.115347028291545
20,c3,13495000,768,33.566864171915526
21,c3,17287000,768,26.20378504078209
22,c3,12585000,768,35.99402717520858
23,c3,16767000,768,27.016450885668277
24,c3,12272000,768,36.91206258148631
0,c3,16374000,792,30.340362037376327
1,c3,11464000,792,43.3350565247732
2,c3,10468000,792,47.458262132212454
3,c3,13352000,792,37.20739125224686
4,c3,10851000,792,45.78316173624551
5,c3,11774000,792,42.1940791574656
6,c3,13972000,792,35.55633323790438
7,c3,10944000,792,45.3941052631579
8,c3,11251000,792,44.155460670162654
9,c3,11793000,792,42.12609921139659
10,c3,11223000,792,44.26562309542903
11,c3,13417000,792,37.02713631959455
12,c3,11242000,792,44.19081017612525
13,c3,11045000,792,44.97900298777728
14,c3,12490000,792,39.775267253803044
15,c3,12611000,792,39.393631591467766
16,c3,9421000,792,52.73252181297102
17,c3,15011000,792,33.0952693358204
18,c3,11017000,792,45.09331832622311
19,c3,14602000,792,34.02226325160937
20,c3,9446000,792,52.592958712682616
21,c3,9879000,792,50.287791071970844
22,c3,10806000,792,45.97381898945031
23,c3,9677000,792,51.33751038545004
24,c3,12075000,792,41.142284720496896
0,c3,12612000,816,43.081073263558515
1,c3,16709000,816,32.51771476449817
2,c3,15330000,816,35.44282426614481
3,c3,12007000,816,45.25181111018573
4,c3,14795000,816,36.72446745522136
5,c3,12377000,816,43.899046295548196
6,c3,12366000,816,43.938096069869
7,c3,15864000,816,34.249779122541604
8,c3,11846000,816,45.86683234847206
9,c3,12329000,816,44.06995668748479
10,c3,17608000,816,30.857479327578375
11,c3,10482000,816,51.8353840870063
12,c3,16192000,816,33.55598418972332
13,c3,12632000,816,43.01286383787207
14,c3,14874000,816,36.529413473174664
15,c3,11208000,816,48.47773875802998
16,c3,11100000,816,48.94941405405405
17,c3,12462000,816,43.5996225324988
18,c3,20736000,816,26.202666666666666
19,c3,16518000,816,32.893721758082094
20,c3,13834000,816,39.275588839092094
21,c3,19560000,816,27.77804171779141
22,c3,11722000,816,46.35203002900529
23,c3,16136000,816,33.672440257808624
24,c3,16349000,816,33.23374493852835
0,c3,14444000,840,41.034616449736916
1,c3,12464000,840,47.55327342747112
2,c3,12011000,840,49.346765464990426
3,c3,13634000,840,43.472495232506965
4,c3,12458000,840,47.57617595119602
5,c3,15624000,840,37.935483870967744
6,c3,13360000,840,44.364071856287424
7,c3,16015000,840,37.009303777708396
8,c3,13706000,840,43.244126659856995
9,c3,17612000,840,33.65341812400636
10,c3,12045000,840,49.20747198007472
11,c3,11104000,840,53.377521613832855
12,c3,11840000,840,50.05945945945946
13,c3,12029000,840,49.27292376756173
14,c3,11666000,840,50.80610320589748
15,c3,13862000,840,42.75746645505699
16,c3,12815000,840,46.25079984393289
17,c3,17578000,840,33.718511776083744
18,c3,29242000,840,20.268928253881402
19,c3,31337000,840,18.913871780961802
20,c3,25339000,840,23.390978333793758
21,c3,32005000,840,18.51910638962662
22,c3,56656000,840,10.461451567353855
23,c3,30565000,840,19.39159168984132
24,c3,35287000,840,16.79666732791113
0,c3,48794000,864,13.218275689633971
1,c3,42198000,864,15.28443395421584
2,c3,40072000,864,16.09534198442803
3,c3,29273000,864,22.03301827622724
4,c3,37889000,864,17.022685845496053
5,c3,46890000,864,13.755012667946257
6,c3,36071000,864,17.8806394056167
7,c3,28867000,864,22.342901721689127
8,c3,62033000,864,10.397248948140506
9,c3,33825000,864,19.067924434589802
10,c3,27902000,864,23.115638448856714
11,c3,46027000,864,14.01291728767897
12,c3,31774000,864,20.298751935544786
13,c3,39526000,864,16.317678085310934
14,c3,25563000,864,25.230706255134375
15,c3,13886000,864,46.44768428633156
16,c3,18548000,864,34.773158507655815
17,c3,14712000,864,43.8398955954323
18,c3,17823000,864,36.187653257027435
19,c3,13793000,864,46.7608601464511
20,c3,14455000,864,44.619338913870635
21,c3,18359000,864,35.13113699003214
22,c3,16464000,864,39.17471720116618
23,c3,14101000,864,45.73948968158287
24,c3,12961000,864,49.762560296273435
0,c3,16896000,888,41.443363636363635
1,c3,13800000,888,50.741092173913046
2,c3,19510000,888,35.890675140953356
3,c3,18327000,888,38.20740284825667
4,c3,15428000,888,45.38676899144413
5,c3,14347000,888,48.80651509026277
6,c3,15415000,888,45.425045215698994
7,c3,14516000,888,48.238293744833285
8,c3,18747000,888,37.35142006721075
9,c3,22991000,888,30.45657309381932
10,c3,15260000,888,45.886439842726084
11,c3,17780000,888,39.38284994375703
12,c3,16498000,888,42.44314898775609
13,c3,17641000,888,39.69316206564254
14,c3,17285000,888,40.51067816025456
15,c3,19676000,888,35.58787721081521
16,c3,14451000,888,48.45526759393814
17,c3,15615000,888,44.84323227665706
18,c3,15227000,888,45.985885072568465
19,c3,19296000,888,36.28871641791045
20,c3,13882000,888,50.44136810257888
21,c3,18157000,888,38.56513036294542
22,c3,13320000,888,52.5696
23,c3,18611000,888,37.624365805168985
24,c3,16026000,888,43.693190565331335
0,c3,14876000,912,50.99156547458994
1,c3,19393000,912,39.11465621616047
2,c3,15743000,912,48.183353109318425
3,c3,20090000,912,37.75761712294674
4,c3,14936000,912,50.78672522763792
5,c3,18482000,912,41.04266464668326
6,c3,18344000,912,41.3514243349324
7,c3,18763000,912,40.42799808133028
8,c3,22533000,912,33.663982958327786
9,c3,17890000,912,42.40081207378424
10,c3,15643000,912,48.49137173176501
11,c3,18308000,912,41.43273585317894
12,c3,16323000,912,46.47126925197574
13,c3,18313000,912,41.42142346966636
14,c3,15504000,912,48.926117647058824
15,c3,19303000,912,39.29702781950992
16,c3,19404000,912,39.09248237476809
17,c3,17042000,912,44.510651801431756
18,c3,15534000,912,48.831629200463496
19,c3,17827000,912,42.55065507376452
20,c3,17814000,912,42.58170697204446
21,c3,17220000,912,44.05055331010453
22,c3,21379000,912,35.481104261190886
23,c3,19780000,912,38.34936946410516
24,c3,17651000,912,42.97493218514532
0,c3,19311000,936,42.464183936616436
1,c3,18071000,936,45.37800099607105
2,c3,20518000,936,39.966169022321864
3,c3,19608000,936,41.8209840881273
4,c3,17515000,936,46.81849020839281
5,c3,18183000,936,45.098490678105925
6,c3,18946000,936,43.282268341602446
7,c3,20722000,936,39.57271769134253
8,c3,20383000,936,40.23087160869352
9,c3,17462000,936,46.96059191387012
10,c3,15841000,936,51.766041032763084
11,c3,20589000,936,39.828347952790324
12,c3,20634000,936,39.74148764175632
13,c3,17354000,936,47.25284407053129
14,c3,19281000,936,42.53025548467403
15,c3,17328000,936,47.32374515235457
16,c3,16682000,936,49.15632753866443
17,c3,16614000,936,49.35752112676057
18,c3,15731000,936,52.128018307799884
19,c3,15724000,936,52.15122462477741
20,c3,16041000,936,51.12061941275481
21,c3,15964000,936,51.36719218241042
22,c3,17908000,936,45.79103506812598
23,c3,17370000,936,47.209318134715026
24,c3,21606000,936,37.953617328519854
0,c3,22127000,960,39.984453382745066
1,c3,16756000,960,52.801145858200044
2,c3,20861000,960,42.41100618378793
3,c3,18699000,960,47.3146157548532
4,c3,17947000,960,49.29715272747534
5,c3,18563000,960,47.66126164951786
6,c3,17818000,960,49.65405769446627
7,c3,19772000,960,44.746914829051185
8,c3,18947000,960,46.69530796432153
9,c3,21618000,960,40.92589508742714
10,c3,22451000,960,39.40742060487283
11,c3,19198000,960,46.08480050005209
12,c3,20578000,960,42.994265720672566
13,c3,24076000,960,36.74763249709254
14,c3,25072000,960,35.28781110402042
15,c3,19406000,960,45.59084819128105
16,c3,19698000,960,44.91501675296985
17,c3,18796000,960,47.070440519259414
18,c3,21612000,960,40.93725707940033
19,c3,19453000,960,45.4806970647201
20,c3,20652000,960,42.84020918070889
21,c3,22314000,960,39.64936810970691
22,c3,21891000,960,40.41551322461285
23,c3,18017000,960,49.10562246766942
24,c3,16451000,960,53.780074159625556
0,c3,19586000,984,48.64514980087818
1,c3,23403000,984,40.7111867709268
2,c3,20930000,984,45.52144787386526
3,c3,20204000,984,47.157191843199364
4,c3,24061000,984,39.59785146087029
5,c3,23546000,984,40.463938843115606
6,c3,20035000,984,47.55497399550786
7,c3,28757000,984,33.131547240671836
8,c3,23007000,984,41.41191393923589
9,c3,23736000,984,40.14003640040445
10,c3,18903000,984,50.40278812886844
11,c3,22900000,984,41.605410655021835
12,c3,21227000,984,44.88452932585858
13,c3,21300000,984,44.73069971830986
14,c3,20515000,984,46.442305825006095
15,c3,20605000,984,46.239451783547686
16,c3,21181000,984,44.9820076483641
17,c3,25786000,984,36.94888326999147
18,c3,24506000,984,38.87880127315759
19,c3,19966000,984,47.71931804066914
20,c3,18953000,984,50.26982029230201
21,c3,20347000,984,46.825768123064826
22,c3,24565000,984,38.78542251170364
23,c3,23789000,984,40.05060759174408
24,c3,23093000,984,41.257692980556875
0,c3,18944000,1008,54.06421621621622
1,c3,21250000,1008,48.19729468235294
2,c3,20323000,1008,50.395734488018505
3,c3,23158000,1008,44.22629380775542
4,c3,25476000,1008,40.20224964672633
5,c3,23697000,1008,43.22034485377896
6,c3,22016000,1008,46.520372093023255
7,c3,24659000,1008,41.534227340930286
8,c3,26329000,1008,38.899787762543205
9,c3,27224000,1008,37.62094152218631
10,c3,20935000,1008,48.922498781944114
11,c3,22778000,1008,44.964110633066994
12,c3,25807000,1008,39.686616499399385
13,c3,23768000,1008,43.09123662066644
14,c3,20949000,1008,48.88980438207074
15,c3,21213000,1008,48.281361052184984
16,c3,21723000,1008,47.147839248722555
17,c3,22350000,1008,45.825168322147654
18,c3,20691000,1008,49.49942061765985
19,c3,21119000,1008,48.49625986078886
20,c3,22971000,1008,44.58632675982761
21,c3,23768000,1008,43.09123662066644
22,c3,19362000,1008,52.897041214750544
23,c3,23983000,1008,42.704937330609184
24,c3,21882000,1008,46.80525143953935
0,c3,26897000,1032,40.863470572926346
1,c3,26491000,1032,41.48974247857763
2,c3,20962000,1032,52.433201412079
3,c3,23866000,1032,46.05316215536747
4,c3,25060000,1032,43.85892928970471
5,c3,20509000,1032,53.5913388268565
6,c3,27147000,1032,40.487153939661845
7,c3,26995000,1032,40.71512383774773
8,c3,25934000,1032,42.380842446209606
9,c3,21289000,1032,51.62782507398187
10,c3,22048000,1032,49.85054281567489
11,c3,27103000,1032,40.55288226395602
12,c3,26853000,1032,40.93042743827505
13,c3,24371000,1032,45.09887850313898
14,c3,23683000,1032,46.40901777646413
15,c3,24401000,1032,45.04343133478136
16,c3,28996000,1032,37.90539274382674
17,c3,26565000,1032,41.3741678147939
18,c3,19771000,1032,55.59176409893278
19,c3,21894000,1032,50.20118607837764
20,c3,20955000,1032,52.45071667859699
21,c3,24117000,1032,45.57385943525314
22,c3,24008000,1032,45.780771742752414
23,c3,22026000,1032,49.90033451375647
24,c3,23562000,1032,46.647346065699004
0,c3,33941000,1056,34.695018296455615
1,c3,23449000,1056,50.21892686255278
2,c3,27838000,1056,42.30130095552841
3,c3,22252000,1056,52.92034945173467
4,c3,26942000,1056,43.708099472941875
5,c3,23242000,1056,50.66619120557611
6,c3,26838000,1056,43.87747283702213
7,c3,25144000,1056,46.8335832007636
8,c3,21596000,1056,54.52785775143545
9,c3,21423000,1056,54.9681938103907
10,c3,26473000,1056,44.48243931552903
11,c3,22453000,1056,52.44660472988019
12,c3,23157000,1056,50.85216634279052
13,c3,24838000,1056,47.41056510186005
14,c3,26917000,1056,43.74869472823866
15,c3,28369000,1056,41.50952151996898
16,c3,29166000,1056,40.37521826784612
17,c3,22190000,1056,53.06821162685895
18,c3,25462000,1056,46.24866923258189
19,c3,28636000,1056,41.12248973320296
20,c3,26461000,1056,44.50261199501153
21,c3,27964000,1056,42.11070004291231
22,c3,24410000,1056,48.24185235559197
23,c3,24516000,1056,48.03326872246696
24,c3,24261000,1056,48.53813181649561
0,c3,32297000,1080,39.003994179025916
1,c3,27632000,1080,45.58888245512449
2,c3,30264000,1080,41.624107850911976
3,c3,25530000,1080,49.34242068155112
4,c3,27864000,1080,45.2093023255814
5,c3,25270000,1080,49.85009893153938
6,c3,27691000,1080,45.49174822144379
7,c3,28610000,1080,44.03047885354771
8,c3,23316000,1080,54.0277920741122
9,c3,26910000,1080,46.81204013377926
10,c3,30292000,1080,41.585633170474054
11,c3,30268000,1080,41.61860710981895
12,c3,29453000,1080,42.77024411774692
13,c3,31941000,1080,39.438715131022825
14,c3,31310000,1080,40.233535611625676
15,c3,29325000,1080,42.95693094629156
16,c3,28976000,1080,43.47432357813363
17,c3,29103000,1080,43.28460983403773
18,c3,25714000,1080,48.98934432604807
19,c3,31357000,1080,40.17323085754377
20,c3,28162000,1080,44.7309139975854
21,c3,25400000,1080,49.59496062992126
22,c3,27841000,1080,45.24665062318164
23,c3,28280000,1080,44.544271570014146
24,c3,23769000,1080,52.99810677773571
0,c3,35044000,1104,38.396668873416274
1,c3,26561000,1104,50.65972154662852
2,c3,30647000,1104,43.905532809084086
3,c3,30133000,1104,44.654460690936844
4,c3,26797000,1104,50.213563607866554
5,c3,28112000,1104,47.86471485486625
6,c3,29216000,1104,46.056026286966045
7,c3,26056000,1104,51.641574455019956
8,c3,26737000,1104,50.32624692373864
9,c3,28595000,1104,47.05622885119776
10,c3,30968000,1104,43.45042831309739
11,c3,28463000,1104,47.27445680356955
12,c3,26693000,1104,50.40920331172967
13,c3,28100000,1104,47.8851553024911
14,c3,31311000,1104,42.97444553032481
15,c3,26098000,1104,51.55846670242931
16,c3,26686000,1104,50.422426141047744
17,c3,26768000,1104,50.26796413628213
18,c3,29365000,1104,45.822334888472675
19,c3,30358000,1104,44.323501679952564
20,c3,27637000,1104,48.68737069870102
21,c3,29550000,1104,45.5354607106599
22,c3,24926000,1104,53.98270336195137
23,c3,32495000,1104,41.408612525003846
24,c3,30731000,1104,43.78552159057629
0,c3,30010000,1128,47.82569650116628
1,c3,36786000,1128,39.016178763660086
2,c3,30845000,1128,46.53101481601556
3,c3,29616000,1128,48.46195137763371
4,c3,28662000,1128,50.0749826250785
5,c3,29599000,1128,48.48978519544579
6,c3,30682000,1128,46.77821367577081
7,c3,26708000,1128,53.73854844990265
8,c3,34446000,1128,41.66664204842362
9,c3,30372000,1128,47.25566811536942
10,c3,29907000,1128,47.99040866686729
11,c3,27355000,1128,52.467525205629684
12,c3,28330000,1128,50.661812636780795
13,c3,32742000,1128,43.83510940076965
14,c3,35580000,1128,40.33864957841484
15,c3,33897000,1128,42.34148013098504
16,c3,33950000,1128,42.27538002945508
17,c3,34024000,1128,42.18343381142723
18,c3,30284000,1128,47.392984810460966
19,c3,33849000,1128,42.40152299920234
20,c3,30614000,1128,46.88211772391716
21,c3,29736000,1128,48.26638256658595
22,c3,28540000,1128,50.2890382620883
23,c3,30713000,1128,46.73099833946537
24,c3,29763000,1128,48.2225969156335
0,c3,33580000,1152,45.52780845741513
1,c3,41395000,1152,36.93257175987438
2,c3,31329000,1152,48.798997989083595
3,c3,29801000,1152,51.30109083587799
4,c3,34122000,1152,44.804636539476
5,c3,37143000,1152,41.16048267506663
6,c3,33751000,1152,45.297141062487036
7,c3,34532000,1152,44.27266906058149
8,c3,32052000,1152,47.69823436915013
9,c3,33180000,1152,46.07666690777577
10,c3,33721000,1152,45.337439814952106
11,c3,36831000,1152,41.5091582634194
12,c3,35168000,1152,43.472014558689715
13,c3,30296000,1152,50.4628930551888
14,c3,32530000,1152,46.997350384260685
15,c3,33697000,1152,45.3697304804582
16,c3,29476000,1152,51.8667325281585
17,c3,36702000,1152,41.65505443845022
18,c3,29904000,1152,51.12439165329053
19,c3,35059000,1152,43.607170997461424
20,c3,32574000,1152,46.93386774728311
21,c3,34760000,1152,43.982272957422325
22,c3,85785000,1152,17.821574960657458
23,c3,95270000,1152,16.0472741471607
24,c3,95326000,1152,16.03784705117177
0,c3,93805000,1176,17.33787938809232
1,c3,89557000,1176,18.16027531069598
2,c3,82792000,1176,19.64416581312204
3,c3,73379000,1176,22.164103844424154
4,c3,62136000,1176,26.174516801853997
5,c3,31661000,1176,51.3685536148574
6,c3,32804000,1176,49.578703084989634
7,c3,34024000,1176,47.800957441805785
8,c3,35797000,1176,45.43340995055451
9,c3,36411000,1176,44.66726472769218
10,c3,36207000,1176,44.91893214019389
11,c3,34088000,1176,47.71121145271063
12,c3,32886000,1176,49.455080459770116
13,c3,37591000,1176,43.265137293501105
14,c3,30714000,1176,52.95239226411408
15,c3,36258000,1176,44.8557497931491
16,c3,35664000,1176,45.602842530282636
17,c3,36253000,1176,44.86193628113536
18,c3,31374000,1176,51.8384578313253
19,c3,36611000,1176,44.42325465024173
20,c3,31243000,1176,52.05581333418686
21,c3,36870000,1176,44.11119544344996
22,c3,57361000,1176,28.3534069489723
23,c3,36149000,1176,44.99100323660406
24,c3,36024000,1176,45.14711792138574
0,c3,41022000,1200,42.12373848179026
1,c3,43465000,1200,39.75612561831358
2,c3,40175000,1200,43.011823273179836
3,c3,39313000,1200,43.9549258514995
4,c3,38229000,1200,45.201286981087655
5,c3,34963000,1200,49.423676457969854
6,c3,37465000,1200,46.12304817829975
7,c3,38775000,1200,44.56479690522244
8,c3,38755000,1200,44.58779512320991
9,c3,40081000,1200,43.11269678900227
10,c3,37507000,1200,46.071400005332336
11,c3,35042000,1200,49.312253866788424
12,c3,37146000,1200,46.519140688095625
13,c3,63110000,1200,27.380763745840596
14,c3,39847000,1200,43.365874469847164
15,c3,38956000,1200,44.357736933976796
16,c3,41380000,1200,41.75930401159981
17,c3,36970000,1200,46.740600486881256
18,c3,36547000,1200,47.28158261964046
19,c3,39321000,1200,43.945983062485695
20,c3,38108000,1200,45.34480948882125
21,c3,40127000,1200,43.06327410471752
22,c3,35587000,1200,48.557057352403966
23,c3,39662000,1200,43.568150874892844
24,c3,32424000,1200,53.293856402664694
